City_ID,City,Country,Date,Lat,Lng,Max Temp,Humidity,Cloudiness,Wind Speed
0,Vao,NC,2020-10-20 04:06:47,-22.67,167.48,73.11,77,39,19.19
1,Hilo,US,2020-10-20 04:06:47,19.73,-155.09,80.6,65,1,9.17
2,Hermanus,ZA,2020-10-20 04:05:57,-34.42,19.23,57.99,86,31,4.0
3,Avarua,CK,2020-10-20 04:06:47,-21.21,-159.78,78.8,78,61,3.36
4,Ushuaia,AR,2020-10-20 04:06:47,-54.8,-68.3,35.6,89,75,34.45
5,Punta Arenas,CL,2020-10-20 04:06:48,-53.15,-70.92,39.2,69,20,16.11
6,Kapaa,US,2020-10-20 04:06:48,22.08,-159.32,82.4,69,40,6.93
7,Longyearbyen,SJ,2020-10-20 04:06:48,78.22,15.64,28.4,68,75,3.36
8,Namatanai,PG,2020-10-20 04:05:48,-3.67,152.43,84.78,69,97,2.01
9,Upernavik,GL,2020-10-20 04:06:48,72.79,-56.15,33.21,91,100,6.08
10,Port Hedland,AU,2020-10-20 04:06:49,-20.32,118.57,86.0,58,0,14.99
11,Rikitea,PF,2020-10-20 04:06:49,-23.12,-134.97,74.25,77,0,11.7
12,Albany,US,2020-10-20 04:06:49,42.6,-73.97,57.0,79,100,8.37
13,Sao Filipe,CV,2020-10-20 04:01:57,14.9,-24.5,81.28,72,23,4.85
14,Hithadhoo,MV,2020-10-20 04:06:49,-0.6,73.08,82.67,78,89,12.84
15,East London,ZA,2020-10-20 04:06:49,-33.02,27.91,60.8,77,40,17.22
16,Tayshet,RU,2020-10-20 04:06:50,55.93,98.0,33.71,78,100,9.98
17,Esperance,AU,2020-10-20 04:06:50,-33.87,121.9,68.0,82,75,11.41
18,Severo-Kurilsk,RU,2020-10-20 04:06:50,50.68,156.12,41.36,67,90,16.84
19,Luderitz,NA,2020-10-20 04:06:50,-26.65,15.16,57.27,68,0,22.1
20,Jamestown,US,2020-10-20 04:06:51,42.1,-79.24,53.01,100,90,4.7
21,Megion,RU,2020-10-20 04:06:51,61.03,76.11,32.0,99,90,6.71
22,Iqaluit,CA,2020-10-20 04:06:51,63.75,-68.51,24.8,85,90,9.17
23,Lavrentiya,RU,2020-10-20 04:06:51,65.58,-171.0,33.69,81,1,5.12
24,Ngerengere,TZ,2020-10-20 04:06:52,-6.75,38.12,68.0,94,75,0.65
25,Arlit,NE,2020-10-20 04:06:52,18.74,7.39,84.27,14,0,9.31
26,Collipulli,CL,2020-10-20 04:06:52,-37.95,-72.43,40.55,80,39,4.03
27,Denpasar,ID,2020-10-20 04:03:39,-8.65,115.22,84.2,74,75,9.17
28,Salalah,OM,2020-10-20 04:06:52,17.02,54.09,78.8,57,40,2.24
29,Cape Town,ZA,2020-10-20 04:06:53,-33.93,18.42,59.0,93,75,2.24
30,Butaritari,KI,2020-10-20 04:06:53,3.07,172.79,82.53,76,100,11.36
31,Faanui,PF,2020-10-20 04:06:53,-16.48,-151.75,79.41,78,31,18.84
32,Oskarshamn,SE,2020-10-20 04:06:53,57.26,16.45,32.0,75,93,3.29
33,Ancud,CL,2020-10-20 04:06:53,-41.87,-73.82,44.01,93,75,6.93
34,Xinzhou,CN,2020-10-20 04:06:54,38.41,112.73,64.26,28,100,7.4
35,Cherskiy,RU,2020-10-20 04:06:54,68.75,161.3,22.48,94,73,3.31
36,Manaure,CO,2020-10-20 04:06:54,11.78,-72.44,83.37,77,99,6.6
37,Pochutla,MX,2020-10-20 04:06:54,15.74,-96.47,78.01,85,61,3.8
38,Qaanaaq,GL,2020-10-20 04:06:55,77.48,-69.36,29.21,86,73,8.95
39,Hovd,MN,2020-10-20 04:06:55,48.01,91.64,29.98,79,23,2.77
40,Dryden,CA,2020-10-20 04:06:55,49.78,-92.75,24.8,73,1,6.93
41,Esna,EG,2020-10-20 04:06:55,25.29,32.55,73.4,38,0,4.7
42,Vaini,TO,2020-10-20 04:02:05,-21.2,-175.2,77.0,65,20,11.41
43,Mahebourg,MU,2020-10-20 04:04:44,-20.41,57.7,75.2,78,40,11.41
44,Dunedin,NZ,2020-10-20 04:06:56,-45.87,170.5,51.01,71,94,11.99
45,Lypova Dolyna,UA,2020-10-20 04:06:56,50.56,33.8,36.41,83,0,7.67
46,Saint-Lo,FR,2020-10-20 04:06:56,49.12,-1.09,57.2,71,100,13.87
47,Abu Kamal,SY,2020-10-20 04:06:56,34.45,40.92,68.59,28,22,6.49
48,Ermioni,GR,2020-10-20 04:06:57,37.39,23.24,64.38,62,31,9.95
49,Saint-Augustin,CA,2020-10-20 04:06:57,51.23,-58.65,44.08,79,96,5.86
50,Praia,CV,2020-10-20 04:06:57,14.92,-23.51,78.8,69,63,8.05
51,Mataura,NZ,2020-10-20 04:06:57,-46.19,168.86,52.0,68,89,11.01
52,Flin Flon,CA,2020-10-20 04:06:57,54.77,-101.86,23.43,91,23,3.67
53,Norman Wells,CA,2020-10-20 04:06:58,65.28,-126.83,14.0,85,40,10.29
54,Oum Hadjer,TD,2020-10-20 04:06:58,13.3,19.7,80.74,26,0,5.79
55,Port Alfred,ZA,2020-10-20 04:06:58,-33.59,26.89,61.81,73,11,20.96
56,Kodiak,US,2020-10-20 04:06:58,57.79,-152.41,42.8,60,20,8.05
57,Magdalena,PH,2020-10-20 04:06:59,14.2,121.43,80.6,94,90,2.24
58,Nurota,UZ,2020-10-20 04:06:59,40.56,65.69,51.8,53,0,4.7
59,Saint-Philippe,RE,2020-10-20 04:06:59,-21.36,55.77,78.8,44,35,3.36
60,Mackay,AU,2020-10-20 04:06:43,-21.15,149.2,86.0,51,0,16.11
61,Yellowknife,CA,2020-10-20 04:06:59,62.46,-114.35,26.6,79,90,2.24
62,Clyde River,CA,2020-10-20 04:07:00,70.47,-68.59,32.0,91,90,16.11
63,Mocuba,MZ,2020-10-20 04:07:00,-16.84,36.99,71.13,83,2,2.1
64,Busselton,AU,2020-10-20 04:07:00,-33.65,115.33,71.01,56,5,3.0
65,Tromso,NO,2020-10-20 04:04:01,69.65,18.96,24.8,85,0,4.7
66,Hay River,CA,2020-10-20 04:07:00,60.82,-115.8,19.4,73,20,2.24
67,Natchitoches,US,2020-10-20 04:07:01,31.77,-93.13,68.0,100,1,5.86
68,Portland,US,2020-10-20 04:02:41,45.52,-122.68,57.99,71,75,5.82
69,Nikolskoye,RU,2020-10-20 04:07:01,59.7,30.79,34.0,80,90,11.18
70,Lebu,CL,2020-10-20 04:04:54,-37.62,-73.65,47.86,77,1,14.32
71,Bluff,NZ,2020-10-20 04:07:01,-46.6,168.33,52.0,68,40,11.01
72,Hasaki,JP,2020-10-20 04:07:02,35.73,140.83,68.0,63,75,14.99
73,Victoria,HK,2020-10-20 04:06:47,22.29,114.16,80.01,60,0,13.0
74,Tuktoyaktuk,CA,2020-10-20 04:06:39,69.45,-133.04,21.2,92,90,11.41
75,Hami,CN,2020-10-20 04:07:02,42.8,93.45,56.68,34,0,2.06
76,Biedenkopf,DE,2020-10-20 04:07:02,50.92,8.53,39.0,89,90,1.01
77,Dzilam Gonzalez,MX,2020-10-20 04:07:03,21.28,-88.93,75.54,91,0,4.52
78,Havre-Saint-Pierre,CA,2020-10-20 04:07:03,50.23,-63.6,42.8,100,90,5.82
79,Zhigansk,RU,2020-10-20 04:06:52,66.77,123.37,19.38,96,100,13.51
80,Kavaratti,IN,2020-10-20 04:07:03,10.57,72.64,82.4,78,20,5.82
81,Bud,US,2020-10-20 04:07:03,39.45,-86.18,48.0,100,90,3.36
82,Kaeo,NZ,2020-10-20 04:07:04,-35.1,173.78,65.68,64,99,10.69
83,Nampula,MZ,2020-10-20 04:07:04,-15.12,39.27,72.52,76,0,2.75
84,Mar Del Plata,AR,2020-10-20 04:07:04,-38.0,-57.56,53.01,62,5,9.17
85,Pithoragarh,IN,2020-10-20 04:07:04,29.58,80.22,67.6,51,0,0.63
86,New Norfolk,AU,2020-10-20 04:07:05,-42.78,147.06,71.01,47,70,3.0
87,Yar-Sale,RU,2020-10-20 04:07:05,66.83,70.83,17.65,97,6,3.15
88,Okhotsk,RU,2020-10-20 04:03:55,59.38,143.3,27.81,77,6,20.74
89,Vestmanna,FO,2020-10-20 04:07:05,62.16,-7.17,39.2,74,5,8.05
90,Arraial Do Cabo,BR,2020-10-20 04:07:06,-22.97,-42.03,72.19,83,96,21.77
91,Asfi,MA,2020-10-20 04:07:06,32.3,-9.24,68.43,57,72,6.85
92,Erzin,TR,2020-10-20 04:07:06,36.96,36.2,64.4,100,40,2.46
93,Parry Sound,CA,2020-10-20 04:07:06,45.35,-80.03,45.0,96,100,1.99
94,Bilma,NE,2020-10-20 04:07:06,18.69,12.92,75.42,19,0,1.5
95,Port Elizabeth,ZA,2020-10-20 04:07:07,-33.92,25.57,60.8,72,70,20.8
96,Hobart,AU,2020-10-20 04:05:27,-42.88,147.33,71.01,59,20,13.87
97,Dawei,MM,2020-10-20 04:07:07,14.08,98.2,80.29,80,100,4.54
98,Tasiilaq,GL,2020-10-20 04:05:31,65.61,-37.64,26.6,100,86,4.7
99,Richards Bay,ZA,2020-10-20 04:07:07,-28.78,32.04,70.59,91,45,4.45
100,Kruisfontein,ZA,2020-10-20 04:07:08,-34.0,24.73,60.01,63,53,1.99
101,Knysna,ZA,2020-10-20 04:07:08,-34.04,23.05,53.6,76,40,13.87
102,Chuy,UY,2020-10-20 04:07:08,-33.7,-53.46,63.39,85,9,14.09
103,Auki,SB,2020-10-20 04:03:37,-8.77,160.7,84.58,74,94,2.17
104,Fairbanks,US,2020-10-20 04:05:01,64.84,-147.72,21.99,85,90,1.99
105,Deshnok,IN,2020-10-20 04:07:09,27.8,73.34,88.36,36,0,7.96
106,Dhanera,IN,2020-10-20 04:07:09,24.52,72.02,87.1,60,0,1.66
107,Cidreira,BR,2020-10-20 04:07:09,-30.18,-50.21,66.69,93,1,12.17
108,Avera,US,2020-10-20 04:03:25,33.19,-82.53,62.6,100,1,4.7
109,Le Port,RE,2020-10-20 04:07:10,-20.94,55.29,77.0,61,2,18.34
110,Tekeli,KZ,2020-10-20 04:07:10,44.83,78.82,63.37,23,0,4.0
111,Micheweni,TZ,2020-10-20 04:07:10,-4.97,39.83,77.94,77,25,8.5
112,Nanortalik,GL,2020-10-20 04:07:10,60.14,-45.24,35.02,91,100,3.38
113,San Cristobal,VE,2020-10-20 04:07:10,7.77,-72.22,67.17,83,95,1.54
114,Barrow,US,2020-10-20 04:04:16,71.29,-156.79,24.8,79,90,11.41
115,Herford,DE,2020-10-20 04:07:11,52.13,8.68,45.0,75,100,11.1
116,Constantine,DZ,2020-10-20 04:07:11,36.37,6.61,46.4,70,1,2.24
117,San Jose De Rio Tinto,HN,2020-10-20 04:07:11,14.93,-85.7,71.44,89,97,2.8
118,Eureka,US,2020-10-20 04:03:32,40.8,-124.16,55.0,92,7,6.02
119,Choszczno,PL,2020-10-20 04:07:12,53.17,15.42,45.0,100,100,8.05
120,Atuona,PF,2020-10-20 04:07:12,-9.8,-139.03,78.57,75,1,18.43
121,Russell,US,2020-10-20 04:07:12,32.35,-85.2,68.0,93,1,3.36
122,Roald,NO,2020-10-20 04:07:12,62.58,6.13,41.0,56,73,11.41
123,Lasa,IT,2020-10-20 04:07:12,46.62,10.7,46.0,50,5,2.24
124,Kamaishi,JP,2020-10-20 04:07:13,39.27,141.88,64.4,39,20,2.24
125,Saskylakh,RU,2020-10-20 04:07:13,71.92,114.08,23.27,98,87,3.91
126,Mogadishu,SO,2020-10-20 04:02:16,2.04,45.34,79.63,82,15,11.7
127,Chokurdakh,RU,2020-10-20 04:07:13,70.63,147.92,16.36,98,95,5.91
128,Mount Gambier,AU,2020-10-20 04:07:14,-37.83,140.77,59.0,62,90,8.05
129,Tiksi,RU,2020-10-20 04:07:14,71.69,128.87,14.86,92,100,23.73
130,Kepno,PL,2020-10-20 04:07:14,51.28,17.99,39.99,95,30,1.01
131,Namie,JP,2020-10-20 04:07:14,37.48,141.0,66.0,67,47,1.01
132,Vila Velha,BR,2020-10-20 04:07:14,-20.33,-40.29,71.01,94,75,4.7
133,Yulara,AU,2020-10-20 04:07:15,-25.24,130.99,86.0,42,22,11.41
134,Cairns,AU,2020-10-20 04:04:21,-16.92,145.77,86.0,62,3,9.17
135,Berlevag,NO,2020-10-20 04:07:15,70.86,29.09,37.4,79,40,17.22
136,Luwuk,ID,2020-10-20 04:07:15,-0.95,122.79,86.74,60,100,7.74
137,Giyani,ZA,2020-10-20 04:07:15,-23.3,30.72,72.84,36,0,3.15
138,Nantucket,US,2020-10-20 04:04:05,41.28,-70.1,57.0,83,90,3.36
139,Bengkulu,ID,2020-10-20 04:07:16,-3.8,102.27,85.46,62,100,2.93
140,Saint Anthony,US,2020-10-20 04:07:16,45.02,-93.22,32.0,100,75,3.65
141,Sao Joao Da Barra,BR,2020-10-20 04:07:16,-21.64,-41.05,72.09,85,100,11.14
142,Ambon,ID,2020-10-20 04:07:17,-3.7,128.18,87.8,66,75,8.05
143,Georgetown,MY,2020-10-20 04:07:17,5.41,100.34,86.0,74,20,4.7
144,Huarmey,PE,2020-10-20 04:07:17,-10.07,-78.15,62.33,85,2,6.38
145,Tecoanapa,MX,2020-10-20 04:07:17,16.52,-98.75,80.82,82,16,5.84
146,Ixtapa,MX,2020-10-20 04:07:17,20.7,-105.2,84.2,79,75,1.14
147,Ponta Do Sol,PT,2020-10-20 04:05:29,32.67,-17.1,66.0,90,100,1.99
148,Bethel,US,2020-10-20 04:07:18,41.37,-73.41,53.6,93,1,3.44
149,Thompson,CA,2020-10-20 04:03:08,55.74,-97.86,26.6,73,90,5.82
150,Neufchateau,FR,2020-10-20 04:07:18,48.35,5.7,51.8,76,78,8.05
151,Olafsvik,IS,2020-10-20 04:07:18,64.89,-23.71,38.64,75,60,7.83
152,Westport,US,2020-10-20 04:05:57,41.14,-73.36,59.0,87,40,4.7
153,Saint-Joseph,RE,2020-10-20 04:07:19,-21.37,55.62,78.8,44,16,3.36
154,Port-Gentil,GA,2020-10-20 04:07:19,-0.72,8.78,78.51,85,82,12.12
155,Sur,OM,2020-10-20 04:07:19,22.57,59.53,82.85,48,10,13.0
156,Marienburg,PL,2020-10-20 04:07:19,54.04,19.03,41.0,100,77,5.77
157,Odesskoye,RU,2020-10-20 04:07:20,54.21,72.97,48.15,72,100,9.75
158,Pirovskoye,RU,2020-10-20 04:07:20,57.63,92.27,31.77,97,100,12.21
159,Faya,SA,2020-10-20 04:07:20,18.39,42.45,53.6,27,0,5.82
160,Boca Del Rio,MX,2020-10-20 04:02:55,19.1,-96.1,81.0,88,20,5.82
161,Takoradi,GH,2020-10-20 04:07:20,4.88,-1.76,76.53,89,83,6.82
162,Portel,BR,2020-10-20 04:07:21,-1.94,-50.82,75.34,91,47,4.94
163,Kavieng,PG,2020-10-20 04:07:21,-2.57,150.8,83.55,70,99,3.36
164,Vidalia,US,2020-10-20 04:07:21,32.22,-82.41,68.0,72,1,4.7
165,Torbay,CA,2020-10-20 04:05:08,47.67,-52.73,48.99,87,20,9.17
166,Inuvik,CA,2020-10-20 04:07:21,68.35,-133.72,23.0,92,90,3.36
167,Saldanha,ZA,2020-10-20 04:07:22,-33.01,17.94,51.8,81,58,1.12
168,Castro,BR,2020-10-20 04:05:31,-24.79,-50.01,63.3,91,66,9.4
169,Tilaran,CR,2020-10-20 04:07:22,10.47,-84.97,71.19,93,100,1.5
170,Gull Lake,CA,2020-10-20 04:07:22,50.1,-108.48,21.2,92,90,11.41
171,Pacific Grove,US,2020-10-20 04:07:23,36.62,-121.92,60.01,100,90,3.13
172,Dikson,RU,2020-10-20 04:07:23,73.51,80.55,24.85,94,98,16.24
173,Chany,RU,2020-10-20 04:07:23,55.31,76.76,45.73,77,100,9.53
174,Canavieiras,BR,2020-10-20 04:07:23,-15.68,-38.95,71.4,92,98,4.07
175,Robertsport,LR,2020-10-20 04:07:24,6.75,-11.37,78.37,85,13,8.21
176,Tema,GH,2020-10-20 04:07:24,5.67,-0.02,77.22,86,57,8.79
177,Kaitangata,NZ,2020-10-20 04:07:24,-46.28,169.85,54.79,51,90,7.31
178,Nizhniy Odes,RU,2020-10-20 04:07:24,63.64,54.86,31.19,98,97,5.37
179,Buluang,PH,2020-10-20 04:07:24,13.31,123.34,77.25,93,100,5.1
180,Mount Isa,AU,2020-10-20 04:05:33,-20.73,139.5,98.6,14,40,8.05
181,Rocha,UY,2020-10-20 04:07:25,-34.48,-54.33,56.95,93,94,14.5
182,Bathsheba,BB,2020-10-20 04:07:25,13.22,-59.52,80.6,78,40,4.7
183,Pevek,RU,2020-10-20 04:07:25,69.7,170.31,26.58,93,21,14.29
184,Benguela,AO,2020-10-20 04:07:26,-12.58,13.41,72.41,82,2,3.89
185,Tahta,EG,2020-10-20 04:07:26,26.77,31.5,71.6,37,0,5.82
186,Dukat,RU,2020-10-20 04:07:26,62.55,155.55,19.31,96,100,5.03
187,Lagos,NG,2020-10-20 04:07:26,6.58,3.75,76.32,94,74,2.73
188,Cavarzere,IT,2020-10-20 04:07:26,45.14,12.08,48.0,94,100,2.89
189,Lahij,YE,2020-10-20 04:07:27,13.17,44.58,81.46,32,0,4.56
190,Rundu,NA,2020-10-20 04:07:27,-17.93,19.77,66.2,25,0,4.59
191,Thohoyandou,ZA,2020-10-20 04:07:27,-22.95,30.48,70.47,32,0,2.37
192,Kupang,ID,2020-10-20 04:07:27,-10.17,123.58,93.2,44,20,8.05
193,Palmer,US,2020-10-20 04:05:06,42.16,-72.33,54.0,87,90,3.36
194,Labuhan,ID,2020-10-20 04:07:28,-6.88,112.21,87.62,61,32,11.59
195,Male,MV,2020-10-20 04:05:00,4.17,73.51,86.0,74,75,13.87
196,Dingle,PH,2020-10-20 04:02:55,11.0,122.67,80.26,87,100,3.58
197,Ishigaki,JP,2020-10-20 04:07:28,24.34,124.16,84.2,79,75,21.92
198,Hamilton,US,2020-10-20 04:07:29,39.18,-84.53,54.0,100,90,2.33
199,Canto Do Buriti,BR,2020-10-20 04:07:29,-8.11,-42.94,76.51,36,29,3.33
200,Manisa,TR,2020-10-20 04:07:29,38.83,28.17,50.22,93,7,1.36
201,Atambua,ID,2020-10-20 04:07:29,-9.11,124.89,89.24,39,3,1.1
202,Mitsamiouli,KM,2020-10-20 04:07:30,-11.38,43.28,78.03,70,0,3.85
203,Batagay-Alyta,RU,2020-10-20 04:07:30,67.8,130.41,14.4,94,100,2.91
204,Preston,GB,2020-10-20 04:07:30,53.77,-2.72,51.01,88,100,5.01
205,Cabo San Lucas,MX,2020-10-20 04:07:30,22.89,-109.91,82.99,74,5,4.7
206,Baghdad,IQ,2020-10-20 04:07:30,33.34,44.4,62.6,39,0,5.82
207,Laguna,US,2020-10-20 04:07:31,38.42,-121.42,71.6,43,1,4.27
208,Makokou,GA,2020-10-20 04:07:31,0.57,12.86,68.77,98,100,1.86
209,Keelung,TW,2020-10-20 04:07:31,25.13,121.74,77.0,83,75,17.22
210,Marsa Matruh,EG,2020-10-20 04:07:31,31.35,27.25,69.8,73,49,3.98
211,Darhan,MN,2020-10-20 04:07:31,49.49,105.92,32.32,76,94,16.31
212,Kahului,US,2020-10-20 04:07:04,20.89,-156.47,87.8,48,20,8.05
213,Montigny-Les-Cormeilles,FR,2020-10-20 04:07:32,48.99,2.2,54.0,76,100,6.93
214,Ashdod,IL,2020-10-20 04:07:32,31.82,34.65,71.01,83,8,1.12
215,Buala,SB,2020-10-20 04:07:32,-8.14,159.59,85.06,71,94,2.57
216,Carnarvon,AU,2020-10-20 04:02:39,-24.87,113.63,75.2,60,72,18.34
217,Binay,PH,2020-10-20 04:07:33,13.5,122.6,76.77,95,100,8.52
218,Saint George,US,2020-10-20 04:07:33,37.1,-113.58,73.4,13,1,1.81
219,Port Hardy,CA,2020-10-20 04:07:33,50.7,-127.42,44.6,93,40,4.7
220,Madison,US,2020-10-20 04:04:45,34.73,-86.57,66.2,82,1,4.7
221,Bubaque,GW,2020-10-20 04:07:34,11.28,-15.83,82.33,86,45,7.27
222,Aksu,CN,2020-10-20 04:07:34,41.12,80.26,60.33,31,0,0.78
223,Nicoya,CR,2020-10-20 04:07:34,10.15,-85.45,75.31,91,100,2.66
224,Sindor,RU,2020-10-20 04:07:35,62.86,51.89,31.17,98,99,6.29
225,Bandarbeyla,SO,2020-10-20 04:07:35,9.49,50.81,80.33,57,13,6.49
226,Razole,IN,2020-10-20 04:07:35,16.48,81.83,77.2,93,100,3.58
227,Praya,CV,2020-10-20 04:04:01,14.92,-23.51,78.8,69,63,8.05
228,Khatanga,RU,2020-10-20 04:07:35,71.97,102.5,13.39,97,81,5.77
229,Bredasdorp,ZA,2020-10-20 04:07:36,-34.53,20.04,55.4,87,53,9.17
230,Kropotkin,RU,2020-10-20 04:07:36,45.44,40.58,51.01,90,54,5.06
231,Nisia Floresta,BR,2020-10-20 04:07:36,-6.09,-35.21,73.4,88,40,3.36
232,Isangel,VU,2020-10-20 04:07:36,-19.55,169.27,80.6,65,90,1.12
233,Mnogovershinnyy,RU,2020-10-20 04:07:36,53.94,139.92,33.12,84,5,18.88
234,Hambantota,LK,2020-10-20 04:07:37,6.12,81.12,87.8,66,20,11.41
235,Nueva Loja,EC,2020-10-20 04:07:37,0.08,-76.88,70.93,97,66,2.64
236,Muros,ES,2020-10-20 04:07:37,42.78,-9.06,61.0,90,100,7.0
237,Broome,US,2020-10-20 04:07:32,42.25,-75.83,57.0,93,90,9.17
238,Northam,GB,2020-10-20 04:07:37,51.03,-4.22,57.99,93,58,8.99
239,Leningradskiy,RU,2020-10-20 04:07:37,69.38,178.42,25.77,90,27,6.78
240,Vostok,RU,2020-10-20 04:07:38,46.49,135.88,47.03,51,0,4.41
241,Ulaangom,MN,2020-10-20 04:07:38,49.98,92.07,34.83,69,31,7.11
242,Urumqi,CN,2020-10-20 04:07:38,43.8,87.6,59.0,24,0,2.24
243,Port Lincoln,AU,2020-10-20 04:07:38,-34.73,135.87,62.35,68,81,9.13
244,Puerto Ayora,EC,2020-10-20 04:07:39,-0.74,-90.35,70.0,92,87,5.01
245,Mecca,SA,2020-10-20 04:07:39,21.43,39.83,79.0,16,0,7.83
246,Mwene-Ditu,CD,2020-10-20 04:07:39,-7.0,23.45,67.68,94,100,2.15
247,Ahipara,NZ,2020-10-20 04:07:39,-35.17,173.17,64.45,67,96,9.57
248,Preobrazheniye,RU,2020-10-20 04:07:39,42.9,133.91,58.68,53,0,3.71
249,Pisco,PE,2020-10-20 04:07:40,-13.7,-76.22,62.6,77,0,8.05
250,Lagoa,PT,2020-10-20 04:07:40,39.05,-27.98,63.19,70,2,29.57
251,Chabahar,IR,2020-10-20 04:07:40,25.29,60.64,81.03,31,0,2.53
252,Harnoli,PK,2020-10-20 04:07:40,32.28,71.55,82.31,15,0,6.31
253,Kabansk,RU,2020-10-20 04:07:40,52.05,106.65,32.0,88,75,20.13
254,Shima,CN,2020-10-20 04:07:41,24.45,117.81,77.0,57,75,15.66
255,Katsuura,JP,2020-10-20 04:07:41,35.13,140.3,68.0,56,78,5.99
256,San Andres,CO,2020-10-20 04:05:52,12.58,-81.7,80.6,88,75,6.91
257,Manokwari,ID,2020-10-20 04:07:41,-0.87,134.08,84.36,74,100,9.51
258,Jalu,LY,2020-10-20 04:02:54,29.03,21.55,67.3,76,1,10.67
259,Piracuruca,BR,2020-10-20 04:07:05,-3.93,-41.71,72.93,82,7,3.67
260,Caravelas,BR,2020-10-20 04:07:42,-17.71,-39.25,71.67,86,100,2.3
261,Beian,NO,2020-10-20 04:07:42,63.66,9.57,33.8,78,20,11.41
262,Axim,GH,2020-10-20 04:07:42,4.87,-2.24,77.0,88,76,7.0
263,Gizo,SB,2020-10-20 04:07:42,-8.1,156.84,84.81,68,80,5.26
264,Ilulissat,GL,2020-10-20 04:07:42,69.22,-51.1,37.4,74,100,6.93
265,Konevo,RU,2020-10-20 04:07:43,62.12,39.32,29.43,99,99,3.42
266,Vestmannaeyjar,IS,2020-10-20 04:07:43,63.44,-20.27,39.09,76,64,3.09
267,Chiang Rai,TH,2020-10-20 04:07:43,19.92,99.92,72.0,100,90,8.05
268,Te Anau,NZ,2020-10-20 04:07:43,-45.42,167.72,54.14,52,5,6.13
269,Wonthaggi,AU,2020-10-20 04:07:44,-38.6,145.59,64.0,71,2,8.75
270,Saint-Pierre,RE,2020-10-20 04:06:45,-21.34,55.48,78.8,44,0,3.36
271,Talnakh,RU,2020-10-20 04:07:44,69.49,88.4,14.0,85,40,6.71
272,Lazarev,RU,2020-10-20 04:07:44,52.23,141.51,38.7,62,0,14.65
273,Creel,MX,2020-10-20 04:07:45,27.75,-107.63,54.25,46,0,3.67
274,Grindavik,IS,2020-10-20 04:03:44,63.84,-22.43,32.0,72,20,6.93
275,Ribeira Grande,PT,2020-10-20 04:07:45,38.52,-28.7,63.9,69,38,27.0
276,Panguna,PG,2020-10-20 04:07:45,-6.32,155.48,79.03,81,59,0.94
277,Nouadhibou,MR,2020-10-20 04:07:45,20.93,-17.03,78.8,54,30,13.87
278,Empalme,MX,2020-10-20 04:07:46,27.97,-110.82,78.01,72,0,3.24
279,Ambilobe,MG,2020-10-20 04:07:46,-13.2,49.05,81.01,48,2,1.7
280,Kande,TG,2020-10-20 04:07:46,9.96,1.04,75.2,94,20,2.24
281,Gamba,GA,2020-10-20 04:07:47,-2.65,10.0,76.17,90,100,5.84
282,Manthani,IN,2020-10-20 04:07:47,18.65,79.67,82.58,78,47,4.72
283,Alexandria,EG,2020-10-20 04:06:52,31.22,29.96,73.4,73,23,9.17
284,Brae,GB,2020-10-20 04:07:47,60.4,-1.35,46.4,93,100,32.21
285,Shush,IR,2020-10-20 04:07:47,32.19,48.24,71.19,22,0,1.99
286,Albesti,RO,2020-10-20 04:07:48,47.7,27.07,43.0,69,0,8.05
287,Havoysund,NO,2020-10-20 04:07:48,71.0,24.66,39.2,80,75,18.34
288,Souillac,MU,2020-10-20 04:05:28,-20.52,57.52,75.2,78,40,11.41
289,Zambezi,ZM,2020-10-20 04:07:48,-13.54,23.1,62.53,31,0,4.52
290,Kholm,RU,2020-10-20 04:07:48,59.27,32.85,34.77,91,100,8.66
291,Mungaoli,IN,2020-10-20 04:07:49,24.42,78.1,86.32,27,30,7.72
292,Cayenne,GF,2020-10-20 04:07:49,4.93,-52.33,78.8,88,42,3.36
293,Airai,TL,2020-10-20 04:07:49,-8.93,125.41,82.18,33,0,5.53
294,Waw,SS,2020-10-20 04:07:49,7.7,28.0,70.61,87,0,2.35
295,Antoing,BE,2020-10-20 04:07:49,50.56,3.47,51.8,71,100,11.41
296,Leh,IN,2020-10-20 04:03:28,34.17,77.58,42.66,40,0,3.22
297,Acapulco,MX,2020-10-20 04:07:50,16.86,-99.89,81.03,79,16,6.06
298,Verkhnevilyuysk,RU,2020-10-20 04:05:05,63.45,120.32,27.09,93,100,8.34
299,Quatre Cocos,MU,2020-10-20 04:07:50,-20.21,57.76,78.01,78,40,11.41
300,Narsaq,GL,2020-10-20 04:07:50,60.92,-46.05,32.0,86,98,4.7
301,Diapaga,BF,2020-10-20 04:06:08,12.07,1.79,78.24,55,0,5.06
302,Vardo,NO,2020-10-20 04:07:51,70.37,31.11,35.6,74,40,16.11
303,Rawson,AR,2020-10-20 04:07:51,-43.3,-65.1,50.68,47,0,8.68
304,Kilindoni,TZ,2020-10-20 04:07:51,-7.91,39.67,78.21,76,71,10.22
305,San Jose,US,2020-10-20 04:04:53,37.34,-121.89,68.0,64,1,6.93
306,Hofn,IS,2020-10-20 04:07:52,64.25,-15.21,37.56,75,0,10.22
307,Belyy Yar,RU,2020-10-20 04:07:52,53.6,91.39,39.2,55,40,11.18
308,Teeli,RU,2020-10-20 04:07:52,51.03,90.23,29.79,77,100,2.59
309,The Pas,CA,2020-10-20 04:07:52,53.83,-101.25,28.4,68,90,3.36
310,Pedasi,PA,2020-10-20 04:07:52,7.53,-80.03,76.95,91,100,20.2
311,Aklavik,CA,2020-10-20 04:04:03,68.22,-135.01,23.0,92,90,3.36
312,Kibala,TD,2020-10-20 04:07:53,9.11,18.35,75.2,94,72,1.34
313,Loikaw,MM,2020-10-20 04:07:53,19.67,97.21,73.26,75,73,4.23
314,Yertarskiy,RU,2020-10-20 04:07:54,56.79,64.3,42.76,86,56,1.5
315,Kemijarvi,FI,2020-10-20 04:07:54,66.71,27.43,29.95,98,98,4.88
316,Taltal,CL,2020-10-20 04:07:54,-25.4,-70.48,58.05,69,0,1.74
317,Tual,ID,2020-10-20 04:07:54,-5.67,132.75,77.49,80,100,8.32
318,Aljezur,PT,2020-10-20 04:07:54,37.32,-8.8,63.0,96,100,7.0
319,Sakakah,SA,2020-10-20 04:07:55,29.97,40.21,59.0,18,0,4.7
320,Jati,PK,2020-10-20 04:07:55,24.35,68.27,89.06,42,0,9.15
321,Ouadda,CF,2020-10-20 04:07:55,8.08,22.4,67.57,76,69,1.63
322,Komsomolskiy,UZ,2020-10-20 04:07:55,40.43,71.72,60.8,25,0,2.24
323,Manati,PR,2020-10-20 04:07:55,18.43,-66.49,77.0,90,99,1.16
324,Touros,BR,2020-10-20 04:07:56,-5.2,-35.46,73.4,88,40,3.36
325,Bambous Virieux,MU,2020-10-20 04:07:56,-20.34,57.76,78.01,78,40,11.41
326,Comodoro Rivadavia,AR,2020-10-20 04:07:56,-45.87,-67.5,51.8,40,0,12.75
327,Miraflores,MX,2020-10-20 04:07:56,19.22,-98.81,64.4,52,5,9.17
328,Gejiu,CN,2020-10-20 04:07:57,23.31,103.16,57.69,86,85,1.63
329,Falmouth,GB,2020-10-20 04:07:57,50.15,-5.07,57.2,100,74,18.34
330,Qasigiannguit,GL,2020-10-20 04:07:57,68.82,-51.19,37.4,74,100,6.93
331,Tagab,AF,2020-10-20 04:07:57,34.85,69.65,53.6,42,1,3.38
332,Moen,NO,2020-10-20 04:07:57,69.13,18.61,24.01,92,1,10.29
333,Lata,PT,2020-10-20 04:07:58,40.16,-8.33,63.0,100,100,1.01
334,Asau,RO,2020-10-20 04:07:58,46.43,26.4,34.0,100,0,3.62
335,Hornepayne,CA,2020-10-20 04:07:58,49.21,-84.77,23.72,97,5,4.79
336,Gorontalo,ID,2020-10-20 04:03:27,0.54,123.06,88.72,55,100,8.9
337,Eberndorf,AT,2020-10-20 04:07:58,46.59,14.64,37.99,100,75,4.7
338,Dayong,CN,2020-10-20 04:07:59,25.02,118.29,77.0,57,75,15.66
339,Iracoubo,GF,2020-10-20 04:07:59,5.48,-53.2,79.92,84,80,10.74
340,Sagua La Grande,CU,2020-10-20 04:07:59,22.81,-80.08,73.4,94,40,2.24
341,Daru,PG,2020-10-20 04:07:59,-9.08,143.21,83.34,73,52,11.3
342,Henties Bay,NA,2020-10-20 04:07:59,-22.12,14.28,57.0,90,3,3.0
343,Maragogi,BR,2020-10-20 04:08:00,-9.01,-35.22,74.26,80,19,9.01
344,Vila Franca Do Campo,PT,2020-10-20 04:08:00,37.72,-25.43,59.0,82,40,17.22
345,Tyrma,RU,2020-10-20 04:08:00,50.08,132.17,43.66,56,18,3.56
346,Viking,CA,2020-10-20 04:08:00,53.1,-111.77,25.0,86,98,4.0
347,Moroto,UG,2020-10-20 04:08:00,2.53,34.67,68.34,68,70,4.03
348,Presidencia Roque Saenz Pena,AR,2020-10-20 04:08:01,-26.79,-60.44,81.9,47,0,8.9
349,Alghero,IT,2020-10-20 04:08:01,40.56,8.32,48.2,100,14,3.36
350,Pimenta Bueno,BR,2020-10-20 04:08:01,-11.67,-61.19,72.95,86,100,0.98
351,Taoudenni,ML,2020-10-20 04:08:02,22.68,-3.98,78.1,24,0,14.81
352,Dzerzhinsk,RU,2020-10-20 04:07:18,56.24,43.46,33.8,85,75,11.18
353,Kenora,CA,2020-10-20 04:08:02,49.82,-94.43,28.4,54,75,5.82
354,Spirit River,CA,2020-10-20 04:08:02,55.78,-118.84,19.4,79,40,2.24
355,Harper,LR,2020-10-20 04:08:02,4.38,-7.72,76.71,80,100,6.51
356,Yashkul,RU,2020-10-20 04:08:03,46.17,45.34,51.73,77,41,8.34
357,Zaqatala,AZ,2020-10-20 04:08:03,41.63,46.64,55.4,87,20,4.7
358,Big Bend,SZ,2020-10-20 04:08:03,-26.82,31.93,74.55,53,0,3.38
359,Ocho Rios,JM,2020-10-20 04:08:03,18.4,-77.1,73.99,96,100,7.29
360,Kiama,AU,2020-10-20 04:08:03,-34.68,150.87,70.0,69,60,8.01
361,Casper,US,2020-10-20 04:08:04,42.87,-106.31,44.01,86,40,3.36
362,Bara,NG,2020-10-20 04:08:04,10.37,10.73,72.91,89,2,3.02
363,Poronaysk,RU,2020-10-20 04:08:04,49.22,143.12,44.19,55,0,6.33
364,Villamontes,BO,2020-10-20 04:08:04,-21.25,-63.5,75.2,57,53,2.06
365,Yinchuan,CN,2020-10-20 04:08:04,38.47,106.27,62.91,25,4,14.7
366,Margate,GB,2020-10-20 04:08:05,51.38,1.39,55.99,74,100,5.01
367,Khani,GE,2020-10-20 04:08:05,41.96,42.96,60.8,93,90,2.24
368,Kiunga,PG,2020-10-20 04:08:05,-6.12,141.29,92.93,55,81,1.77
369,Coahuayana,MX,2020-10-20 04:08:05,18.73,-103.68,79.07,88,44,2.21
370,Villacarrillo,ES,2020-10-20 04:08:05,38.12,-3.08,59.02,38,99,4.09
371,Taksimo,RU,2020-10-20 04:08:06,56.34,114.88,29.88,83,100,5.73
372,Sola,VU,2020-10-20 04:08:06,-13.88,167.55,86.0,74,90,5.82
373,Bonfim,BR,2020-10-20 04:08:06,3.08,-59.95,80.06,68,100,1.23
374,Sambava,MG,2020-10-20 04:08:06,-14.27,50.17,77.0,66,54,12.93
375,Inhambane,MZ,2020-10-20 04:08:06,-23.86,35.38,69.82,81,0,9.37
376,Sargatskoye,RU,2020-10-20 04:08:06,55.61,73.5,46.51,75,82,7.78
377,Tornio,FI,2020-10-20 04:08:07,65.85,24.15,26.6,92,90,6.93
378,Athabasca,CA,2020-10-20 04:08:07,54.72,-113.29,24.64,97,100,1.14
379,Omurtag,BG,2020-10-20 04:08:07,43.1,26.42,44.01,83,20,0.98
380,San Luis,AR,2020-10-20 04:08:07,-33.3,-66.34,58.39,55,0,23.15
381,Shrewsbury,GB,2020-10-20 04:08:07,52.71,-2.75,54.0,93,100,11.41
382,Sao Raimundo Nonato,BR,2020-10-20 04:08:08,-9.02,-42.7,77.49,40,1,4.29
383,Zhangye,CN,2020-10-20 04:08:08,38.93,100.45,53.58,36,0,17.58
384,Nabire,ID,2020-10-20 04:08:08,-3.37,135.48,86.38,62,100,6.11
385,Jaszkiser,HU,2020-10-20 04:08:08,47.45,20.22,44.6,93,60,2.24
386,Qunduz,AF,2020-10-20 04:08:09,36.73,68.86,68.67,23,0,1.25
387,Walvis Bay,NA,2020-10-20 04:08:09,-22.96,14.51,57.0,93,90,4.7
388,Staraya Mayna,RU,2020-10-20 04:08:09,54.6,48.95,39.2,80,40,8.95
389,Kieta,PG,2020-10-20 04:03:45,-6.22,155.63,85.23,69,44,4.07
390,Haines Junction,CA,2020-10-20 04:08:09,60.75,-137.51,28.15,82,100,2.06
391,Meulaboh,ID,2020-10-20 04:03:56,4.14,96.13,88.29,56,4,1.12
392,Beringovskiy,RU,2020-10-20 04:08:10,63.05,179.32,39.47,93,96,11.77
393,Cauquenes,CL,2020-10-20 04:08:10,-35.97,-72.32,47.97,59,97,2.26
394,Tezu,IN,2020-10-20 04:08:11,27.92,96.17,76.08,83,83,0.85
395,Belaya Gora,RU,2020-10-20 04:08:11,68.53,146.42,13.89,93,73,2.46
396,Constitucion,CL,2020-10-20 04:08:11,-35.33,-72.42,51.67,72,54,11.72
397,Scottsbluff,US,2020-10-20 04:08:11,41.87,-103.67,46.4,70,90,17.22
398,Capaci,IT,2020-10-20 04:08:12,38.17,13.24,60.8,67,0,1.12
399,Fuling,CN,2020-10-20 04:08:12,29.7,107.39,58.6,80,100,1.48
400,Mweka,CD,2020-10-20 04:08:12,-4.85,21.57,68.67,99,100,2.98
401,Bitung,ID,2020-10-20 04:08:12,1.45,125.18,87.8,62,40,5.82
402,Nome,US,2020-10-20 04:04:03,64.5,-165.41,37.4,93,90,2.01
403,Itarema,BR,2020-10-20 04:08:13,-2.92,-39.92,78.64,80,15,17.81
404,Akyab,MM,2020-10-20 04:08:13,20.15,92.9,85.86,67,71,12.3
405,Kalmunai,LK,2020-10-20 04:08:13,7.42,81.82,86.38,54,30,3.6
406,Honningsvag,NO,2020-10-20 04:08:14,70.98,25.97,39.2,80,75,18.34
407,Luanda,AO,2020-10-20 04:08:14,-8.84,13.23,75.2,88,75,5.82
408,Banda Aceh,ID,2020-10-20 04:08:14,5.56,95.32,88.12,57,19,7.02
409,Ozernovskiy,RU,2020-10-20 04:08:15,51.5,156.52,41.2,67,100,19.51
410,Imbituba,BR,2020-10-20 04:08:15,-28.24,-48.67,71.6,88,75,9.17
411,Viedma,AR,2020-10-20 04:04:33,-40.81,-63.0,45.03,58,0,4.63
412,Zhob,PK,2020-10-20 04:08:15,31.34,69.45,66.04,19,0,3.44
413,Pemangkat,ID,2020-10-20 04:07:08,1.17,108.97,85.23,66,62,6.6
414,Anqing,CN,2020-10-20 04:08:16,30.51,117.05,68.77,56,46,8.79
415,Codrington,AU,2020-10-20 04:08:16,-38.27,141.97,56.89,74,88,8.48
416,Shelburne,CA,2020-10-20 04:08:17,44.08,-80.2,42.01,100,90,2.24
417,Husavik,IS,2020-10-20 04:08:17,66.04,-17.34,30.2,86,80,4.7
418,Sonoita,MX,2020-10-20 04:08:17,31.85,-112.83,75.99,24,1,1.3
419,Ajaccio,FR,2020-10-20 04:08:17,42.0,8.92,46.4,87,31,9.17
420,Lakes Entrance,AU,2020-10-20 04:08:18,-37.88,147.98,68.0,55,1,5.01
421,Tazovskiy,RU,2020-10-20 04:08:18,67.47,78.7,18.03,97,58,7.76
422,Loukhi,RU,2020-10-20 04:08:18,66.08,33.04,30.65,97,97,7.0
423,Ostrovnoy,RU,2020-10-20 04:08:19,68.05,39.51,35.62,83,100,12.73
424,Darovskoy,RU,2020-10-20 04:08:19,58.77,47.96,32.99,95,97,7.29
425,Bella Union,UY,2020-10-20 04:08:19,-30.28,-57.6,73.44,76,0,9.13
426,Guerrero Negro,MX,2020-10-20 04:06:33,27.98,-114.06,71.89,76,0,11.39
427,Kang,BW,2020-10-20 04:08:20,-23.68,22.79,74.48,22,17,4.21
428,Coquimbo,CL,2020-10-20 04:08:20,-29.95,-71.34,55.4,76,0,11.41
429,Kovur,IN,2020-10-20 04:08:20,14.48,79.98,78.98,72,97,9.42
430,Kilakarai,IN,2020-10-20 04:08:20,9.23,78.78,83.84,66,100,9.46
431,Alofi,NU,2020-10-20 04:08:21,-19.06,-169.92,78.8,69,75,16.11
432,Trinidad,BO,2020-10-20 04:07:11,-14.83,-64.9,73.54,94,67,5.08
433,Mamit,IN,2020-10-20 04:08:21,23.93,92.48,84.65,69,18,0.65
434,Geraldton,AU,2020-10-20 04:08:21,-28.77,114.6,75.2,50,40,10.29
435,Saint-Francois,FR,2020-10-20 04:08:21,46.42,3.91,59.0,67,96,13.87
436,Bayangol,RU,2020-10-20 04:08:22,50.7,103.47,27.48,75,48,5.86
437,Nuuk,GL,2020-10-20 04:08:22,64.18,-51.72,44.6,48,100,28.86
438,Careiro Da Varzea,BR,2020-10-20 04:08:22,-3.2,-59.81,78.8,78,95,4.7
439,Aguimes,ES,2020-10-20 04:08:22,27.91,-15.45,73.99,78,20,5.82
440,Lazi,UA,2020-10-20 04:08:23,48.07,24.23,37.53,80,54,1.36
441,Orange Cove,US,2020-10-20 04:08:23,36.62,-119.31,71.6,53,0,5.21
442,Eyl,SO,2020-10-20 04:08:23,7.98,49.82,80.6,74,0,3.62
443,Manzhouli,CN,2020-10-20 04:08:23,49.6,117.43,47.77,48,100,8.66
444,Hihya,EG,2020-10-20 04:08:24,30.67,31.59,71.6,94,20,10.29
445,Vanavara,RU,2020-10-20 04:08:24,60.34,102.28,26.38,93,100,13.22
446,Klaksvik,FO,2020-10-20 04:08:24,62.23,-6.59,39.2,69,16,8.05
447,Memari,IN,2020-10-20 04:08:25,23.2,88.12,87.8,74,10,8.05
448,Whitianga,NZ,2020-10-20 04:08:25,-36.83,175.7,70.0,70,100,8.01
449,Puerto Del Rosario,ES,2020-10-20 04:08:25,28.5,-13.86,71.6,78,73,5.82
450,Pascagoula,US,2020-10-20 04:05:51,30.37,-88.56,66.0,93,1,7.16
451,Bolitoc,PH,2020-10-20 04:08:25,15.74,119.88,85.96,66,100,2.01
452,Half Moon Bay,US,2020-10-20 04:08:23,37.46,-122.43,63.0,93,90,5.44
453,Benghazi,LY,2020-10-20 04:03:27,32.12,20.07,70.75,67,4,7.2
454,Lubliniec,PL,2020-10-20 04:08:26,50.67,18.68,39.99,82,0,4.7
455,Midland,US,2020-10-20 04:06:38,32.0,-102.08,68.0,68,1,9.17
456,Idlib,SY,2020-10-20 04:08:27,35.93,36.63,60.8,93,40,3.36
457,Port Blair,IN,2020-10-20 04:08:27,11.67,92.75,83.88,78,51,16.04
458,Tuatapere,NZ,2020-10-20 04:08:27,-46.13,167.68,52.0,68,71,11.01
459,Meadow Lake,US,2020-10-20 04:08:27,34.8,-106.54,64.4,15,1,2.46
460,Hualmay,PE,2020-10-20 04:08:28,-11.1,-77.61,61.45,87,5,6.69
461,Belleville,CA,2020-10-20 04:07:55,44.18,-77.37,42.8,100,90,6.93
462,Antalaha,MG,2020-10-20 04:08:28,-14.9,50.28,76.78,72,53,9.82
463,Sidi Ali,DZ,2020-10-20 04:08:29,36.1,0.42,67.93,36,19,8.75
464,Nishihara,JP,2020-10-20 04:08:29,26.18,127.76,86.0,62,75,20.8
465,Juneau,US,2020-10-20 04:08:02,58.3,-134.42,37.99,86,90,13.87
466,Rosarito,MX,2020-10-20 04:08:29,32.33,-117.03,68.0,88,20,5.82
467,Rio Gallegos,AR,2020-10-20 04:08:29,-51.62,-69.22,39.2,64,54,26.4
468,Sorong,ID,2020-10-20 04:08:30,-0.88,131.25,84.88,72,91,8.61
469,Kununurra,AU,2020-10-20 04:05:00,-15.77,128.73,100.4,33,32,8.05
470,North Platte,US,2020-10-20 04:08:30,41.12,-100.77,42.8,60,75,4.7
471,Tommot,RU,2020-10-20 04:08:30,58.96,126.29,29.14,96,100,5.26
472,Lesozavodsk,RU,2020-10-20 04:08:31,45.48,133.42,56.88,43,0,6.4
473,Deputatskiy,RU,2020-10-20 04:08:31,69.3,139.9,11.77,96,94,2.95
474,Nijar,ES,2020-10-20 04:07:38,36.97,-2.21,64.4,59,80,10.29
475,Neiafu,TO,2020-10-20 04:08:31,-18.65,-173.98,74.97,75,0,16.55
476,Riyadh,SA,2020-10-20 04:08:10,24.69,46.72,59.0,38,0,2.24
477,Ponta Pora,BR,2020-10-20 04:08:32,-22.54,-55.73,70.48,72,3,6.33
478,Todos Santos,MX,2020-10-20 04:08:32,23.45,-110.22,79.0,83,0,3.42
479,Nueve De Julio,AR,2020-10-20 04:08:32,-35.44,-60.88,55.99,77,98,1.01
480,Urdoma,RU,2020-10-20 04:08:33,61.75,48.54,27.88,99,91,4.29
481,Borzna,UA,2020-10-20 04:08:33,51.25,32.43,37.17,85,0,8.99
482,Karatau,KZ,2020-10-20 04:08:33,43.17,70.47,53.29,40,0,4.03
483,Mandalgovi,MN,2020-10-20 04:04:23,45.76,106.27,21.79,93,63,43.62
484,Srandakan,ID,2020-10-20 04:08:34,-7.94,110.25,88.11,58,73,7.96
485,Oranjestad,AW,2020-10-20 04:08:34,12.52,-70.03,75.2,88,40,14.99
486,Noumea,NC,2020-10-20 04:08:34,-22.28,166.46,84.2,48,49,9.17
487,Malia,GR,2020-10-20 04:08:34,35.28,25.47,66.99,87,75,5.82
488,Acarau,BR,2020-10-20 04:08:34,-2.89,-40.12,78.39,81,12,17.4
489,San Policarpo,PH,2020-10-20 04:08:35,12.18,125.51,84.38,77,61,13.56
490,Xihe,CN,2020-10-20 04:08:35,31.69,113.47,64.09,57,100,3.42
491,Pervomayskoye,RU,2020-10-20 04:08:35,43.92,46.71,59.4,63,90,17.58
492,Emerald,AU,2020-10-20 04:08:35,-23.53,148.17,91.99,29,51,9.17
493,Malindi,KE,2020-10-20 04:04:29,-3.22,40.12,78.6,81,3,9.13
494,Brigantine,US,2020-10-20 04:08:36,39.41,-74.36,64.0,93,75,5.82
495,Compostela,PH,2020-10-20 04:08:36,7.67,126.09,86.0,73,77,7.9
496,Conde,BR,2020-10-20 04:03:47,-7.26,-34.91,73.4,88,20,5.82
497,Glubokiy,RU,2020-10-20 04:08:36,48.52,40.33,37.83,86,0,4.45
498,Malanville,BJ,2020-10-20 04:08:37,11.87,3.39,79.09,56,30,6.35
499,Bosaso,SO,2020-10-20 04:05:58,11.28,49.18,84.38,39,0,2.48
500,North Bend,US,2020-10-20 04:05:01,43.41,-124.22,57.0,93,1,5.82
501,Sarankhola,BD,2020-10-20 04:08:38,22.31,89.79,85.75,80,32,7.85
502,Port Augusta,AU,2020-10-20 04:08:38,-32.5,137.77,77.0,41,92,10.29
503,Honolulu,US,2020-10-20 04:08:24,21.31,-157.86,82.4,69,40,9.17
504,Blairhall,GB,2020-10-20 04:08:38,56.09,-3.6,48.99,100,100,6.93
505,Pitimbu,BR,2020-10-20 04:08:39,-7.47,-34.81,73.4,88,20,5.82
506,Provideniya,RU,2020-10-20 04:08:39,64.38,-173.3,39.2,80,75,4.47
507,Mogzon,RU,2020-10-20 04:08:39,51.74,111.96,29.68,90,100,16.55
508,Sitka,US,2020-10-20 04:08:39,57.05,-135.33,42.8,87,90,8.05
509,Le Vauclin,MQ,2020-10-20 04:08:40,14.55,-60.84,77.0,94,20,3.36
510,Goure,NE,2020-10-20 04:08:40,13.98,10.27,82.0,19,0,1.01
511,Sangueya,GN,2020-10-20 04:08:40,10.7,-14.37,75.36,90,53,3.4
512,Yoichi,JP,2020-10-20 04:08:40,43.2,140.77,63.0,51,75,14.99
513,Esil,KZ,2020-10-20 04:08:41,51.96,66.4,49.89,63,0,12.39
514,Mount Vernon,US,2020-10-20 04:08:41,40.91,-73.84,60.8,77,75,3.36
515,Smithers,CA,2020-10-20 04:08:41,54.78,-127.17,30.2,100,75,2.24
516,Grand Gaube,MU,2020-10-20 04:08:41,-20.01,57.66,78.01,67,0,8.01
517,Arbuzynka,UA,2020-10-20 04:06:41,47.91,31.32,40.06,88,0,6.33
518,Nahan,IN,2020-10-20 04:08:42,30.55,77.3,64.4,63,0,2.33
519,Turan,VN,2020-10-20 04:08:42,16.07,108.22,75.2,94,90,12.8
520,Mayo,US,2020-10-20 04:08:42,38.89,-76.51,61.0,100,1,8.55
521,Carndonagh,IE,2020-10-20 04:08:43,55.25,-7.27,50.7,90,100,17.47
522,Gaoual,GN,2020-10-20 04:08:43,11.75,-13.2,73.71,81,4,2.39
523,Vila Real De Santo Antonio,PT,2020-10-20 04:08:43,37.2,-7.42,66.2,100,40,6.93
524,Ola,RU,2020-10-20 04:08:43,59.58,151.28,31.68,89,84,7.2
525,Bilibino,RU,2020-10-20 04:08:43,68.05,166.44,17.1,93,78,3.06
526,Shubarkuduk,KZ,2020-10-20 04:08:44,49.14,56.49,50.67,44,83,12.33
527,Sogne,NO,2020-10-20 04:08:44,58.08,7.82,39.2,93,100,5.82
528,Amudat,UG,2020-10-20 04:08:44,1.95,34.95,71.35,66,90,3.53
529,Manjacaze,MZ,2020-10-20 04:08:44,-24.71,33.88,68.43,66,0,10.58
530,Florida,US,2020-10-20 04:08:44,28.75,-82.5,73.99,94,40,4.7
531,Lysva,RU,2020-10-20 04:08:45,58.11,57.81,37.83,90,100,1.34
532,Svetlyy,RU,2020-10-20 04:08:45,54.67,20.13,41.0,93,75,6.71
533,Effium,NG,2020-10-20 04:08:45,6.63,8.06,72.7,98,77,4.29
534,Aranos,NA,2020-10-20 04:08:45,-24.13,19.12,60.28,31,0,10.89
535,Kuytun,RU,2020-10-20 04:08:46,54.34,101.5,31.44,80,50,7.27
536,Tessalit,ML,2020-10-20 04:08:46,20.2,1.01,77.47,18,0,8.68
537,West Wendover,US,2020-10-20 04:08:46,40.74,-114.07,51.8,40,1,8.05
538,Tenancingo,MX,2020-10-20 04:05:04,19.15,-98.18,56.91,80,56,4.41
539,Porbandar,IN,2020-10-20 04:08:47,21.64,69.61,85.35,71,8,6.51
540,Farim,GW,2020-10-20 04:08:47,12.48,-15.22,80.6,88,0,4.7
541,Rossland,CA,2020-10-20 04:08:07,49.08,-117.8,43.0,88,52,4.68
542,Maningrida,AU,2020-10-20 04:08:48,-12.07,134.27,90.01,42,0,9.66
543,Santa Lucia,ES,2020-10-20 04:08:48,27.91,-15.54,73.99,78,20,5.82
544,Serov,RU,2020-10-20 04:08:48,59.6,60.58,32.45,96,63,4.63
545,Rudsar,IR,2020-10-20 04:08:48,37.14,50.29,60.8,77,0,4.7
546,Takaka,NZ,2020-10-20 04:08:48,-40.85,172.8,59.0,74,100,5.99
547,Bijar,IR,2020-10-20 04:08:49,35.87,47.61,47.37,41,0,2.42
548,Namibe,AO,2020-10-20 04:08:41,-15.2,12.15,66.42,84,13,3.27
549,Ilukste,LV,2020-10-20 04:08:49,55.98,26.3,36.43,83,18,10.94
550,Filingue,NE,2020-10-20 04:08:50,14.35,3.32,85.89,28,0,8.21
